{
    "format_version": "1.12.0",
    "minecraft:entity": {
        "description": {
            "identifier": "sample:rice",
            "is_spawnable": true,
            "is_summonable": true
        },
        "component_groups": {
            "scale_small": {
                "minecraft:scale": {
                    "value": 0.1
                }
            },
            "scale_normal": {
                "minecraft:scale": {
                    "value": 0.3
                }
            },
            "scale_large": {
                "minecraft:scale": {
                    "value": 0.5
                }
            }
        },
        "components": {
            "minecraft:nameable": {
                "always_show": true,
                "allow_name_tag_renaming": true
            },
            "minecraft:rideable": {
                "seat_count": 2,
                "family_types": [
                    "rice",
                    "player"
                ],
                "pull_in_entities": true,
                "seats": [
                    {
                        "position": [ 0.1, -0.1, -0.1 ],
                        "min_rider_count": 0,
                        "max_rider_count": 0,
                        "lock_rider_rotation": 0
                    },
                    {
                        "position": [ -0.1, -0.1, -0.1 ],
                        "min_rider_count": 1,
                        "max_rider_count": 2,
                        "lock_rider_rotation": 0
                    }
                ]
            },
            "minecraft:physics": {
                "push_towards_closest_space": true
            },
            "minecraft:pushable": {
                "is_pushable": true,
                "is_pushable_by_piston": true
            },
            "minecraft:collision_box": {
                "width": 0.3,
                "height": 0.5
            },
            "minecraft:movement": {
                "value": 0.35
            },
            "minecraft:navigation.walk": {
                "can_float": true,
                "avoid_water": false,
                "avoid_damage_blocks": true
            },
            "minecraft:movement.basic": {
            },
            "minecraft:jump.dynamic": {
            },
            "minecraft:can_climb": {
            },
            "minecraft:behavior.float": {
                "priority": 6
            },
            "minecraft:behavior.raid_garden": {
                "priority": 1,
                "blocks": [
                    "carrots"
                ],
                "search_range": 3200,
                "goal_radius": 0.8
            },
            "minecraft:behavior.random_stroll": {
                "priority": 2,
                "speed_multiplier": 1.0
            },
            "minecraft:behavior.look_at_player": {
                "priority": 3,
                "look_distance": 6.0,
                "probability": 0.02
            },
            "minecraft:behavior.random_look_around": {
                "priority": 4
            },
            "minecraft:health": {
                "value": 1,
                "max": 1
            },
            "minecraft:behavior.nearest_attackable_target": {
                "priority": 1,
                "must_see": true,
                "reselect_targets": true,
                "within_radius": 64.0,
                "entity_types": [
                    {
                        "filters": {
                            "test": "is_family",
                            "subject": "other",
                            "value": "player"
                        },
                        "max_dist": 64
                    }
                ]
            },
            "minecraft:behavior.melee_attack": {
                "priority": 1
            },
            "minecraft:attack": {
                "damage": 1
            }
        },
        "events": {
            "minecraft:entity_spawned": {
                "randomize": [
                {
                    "weight": 30,
                    "add": {
                        "component_groups": ["scale_small" ]
                    }
                },
                {
                    "weight": 50,
                    "add": {
                        "component_groups": ["scale_normal" ]
                    }
                },
                {
                    "weight": 15,
                    "add": {
                        "component_groups": ["scale_large" ]
                    }
                }
                ]
            }
        }
    }
}