{
	"format_version": "1.12.0",
	"minecraft:geometry": [
		{
			"description": {
				"identifier": "geometry.rice",
				"texture_width": 32,
				"texture_height": 32,
				"visible_bounds_width": 3,
				"visible_bounds_height": 2.5,
				"visible_bounds_offset": [0, 0.75, 0]
			},
			"bones": [
				{
					"name": "bb_main",
					"pivot": [0, 0, 0],
					"cubes": [
						{"origin": [-4, 0, -2], "size": [5, 10, 5], "uv": [0, 0]},
						{"origin": [-3, -1, -1], "size": [3, 12, 3], "uv": [0, 15]}
					]
				}
			]
		}
	]
}