{
    "format_version": "1.10.0",
    "minecraft:client_entity": {
        "description": {
            "identifier": "sample:rice",
            "materials": {
                "default": "entity"
            },
            "textures": {
                "default": "textures/entity/rice"
            },
            "geometry": {
                "default": "geometry.rice"
            },
            "render_controllers": [
                "controller.render.default"
            ],
            "spawn_egg": {
                "base_color": "#ffffff",
                "overlay_color": "#ffffff"
            }
        }
    }
}